{"pool_tc_per_ha_mean":21.955974284,"pool_tc_per_ha_std":7.747303095,"pool_tc_sum_mean":113959785.5372317284,"area_sum_mean":5190377.0729274685}