{"pool_tc_per_ha_mean":65.953788132,"pool_tc_per_ha_std":0.2450032387,"pool_tc_sum_mean":342325029.7932817936,"area_sum_mean":5190377.0729274685}