{"pool_tc_per_ha_mean":17.516550398,"pool_tc_per_ha_std":1.3260824176,"pool_tc_sum_mean":90917501.5827956796,"area_sum_mean":5190377.0729274685}