{"pool_tc_per_ha_mean":61.3656461154,"pool_tc_per_ha_std":7.1104721672,"pool_tc_sum_mean":318510842.6628107429,"area_sum_mean":5190377.0729274685}