{"pool_tc_per_ha_mean":59.8821,"pool_tc_per_ha_std":7.3325,"pool_tc_sum_mean":400746076.3432000279,"area_sum_mean":6692252.2209999999}