{"pool_tc_per_ha_mean":21.956,"pool_tc_per_ha_std":7.7473,"pool_tc_sum_mean":146934917.6662999988,"area_sum_mean":6692252.2209999999}