{"pool_tc_per_ha_mean":21.955974284,"pool_tc_per_ha_std":7.747303095,"pool_tc_sum_mean":146934917.6663171947,"area_sum_mean":6692252.2210124219}