{"pool_tc_per_ha_mean":16.7453782006,"pool_tc_per_ha_std":1.1646320735,"pool_tc_sum_mean":112064294.4546494931,"area_sum_mean":6692252.2210124219}