{"pool_tc_per_ha_mean":16.2070745862,"pool_tc_per_ha_std":1.0555679111,"pool_tc_sum_mean":675107.9201208759,"area_sum_mean":41655.1374852397}