{"pool_tc_per_ha_mean":63.7701095596,"pool_tc_per_ha_std":0.1910684729,"pool_tc_sum_mean":2656352.6811520834,"area_sum_mean":41655.1374852397}