{"pool_tc_per_ha_mean":64.6953,"pool_tc_per_ha_std":0.2129,"pool_tc_sum_mean":432956982.3614000082,"area_sum_mean":6692252.2209999999}