{"pool_tc_per_ha_mean":64.6952577492,"pool_tc_per_ha_std":0.2129480412,"pool_tc_sum_mean":432956982.3613550663,"area_sum_mean":6692252.2210124219}