{"pool_tc_per_ha_mean":16.7454,"pool_tc_per_ha_std":1.1646,"pool_tc_sum_mean":112064294.4546000063,"area_sum_mean":6692252.2209999999}