{"pool_tc_per_ha_mean":64.5213547556,"pool_tc_per_ha_std":0.2079498677,"pool_tc_sum_mean":11901988.0251910537,"area_sum_mean":184465.8728924318}