{"pool_tc_per_ha_mean":59.8820939661,"pool_tc_per_ha_std":7.3324577444,"pool_tc_sum_mean":400746076.3432300687,"area_sum_mean":6692252.2210124219}