{"pool_tc_per_ha_mean":16.626309185,"pool_tc_per_ha_std":1.1384369018,"pool_tc_sum_mean":3066986.6367956358,"area_sum_mean":184465.8728924318}