{"pool_tc_per_ha_mean":59.6229344401,"pool_tc_per_ha_std":7.3642474399,"pool_tc_sum_mean":10998396.6459031291,"area_sum_mean":184465.8728924318}