{"pool_tc_per_ha_mean":58.9053635887,"pool_tc_per_ha_std":7.4938939815,"pool_tc_sum_mean":2453711.0189052871,"area_sum_mean":41655.1374852397}