{"pool_tc_per_ha_mean":21.955974284,"pool_tc_per_ha_std":7.747303095,"pool_tc_sum_mean":914579.1274206843,"area_sum_mean":41655.1374852397}