{"pool_tc_per_ha_mean":21.955974284,"pool_tc_per_ha_std":7.747303095,"pool_tc_sum_mean":9101823.8919118252,"area_sum_mean":414548.8500850433}