{"pool_tc_per_ha_mean":18.4498783137,"pool_tc_per_ha_std":1.527220729,"pool_tc_sum_mean":7648375.8391720811,"area_sum_mean":414548.8500850433}