{"pool_tc_per_ha_mean":67.4018606147,"pool_tc_per_ha_std":0.2847617559,"pool_tc_sum_mean":27941363.8114268184,"area_sum_mean":414548.8500850433}