{"pool_tc_per_ha_mean":63.2616566553,"pool_tc_per_ha_std":6.8518245963,"pool_tc_sum_mean":26225047.0209197737,"area_sum_mean":414548.8500850433}